Date,City,Vehicle_Type,Deliveries,Average_Delivery_Time,Average_Cost,On_Time_Rate,Delays
2021-01-21,Lagos,Bike,296,3.25,1165.8,0.85,50
2021-01-04,Lagos,Van,216,3.68,1215.25,0.82,36
2021-01-01,Lagos,Truck,33,3.02,1142.63,0.83,5
2021-01-24,Abuja,Bike,133,3.05,1260.16,0.93,10
2021-01-09,Abuja,Van,133,3.72,1212.23,0.92,10
2021-01-08,Abuja,Truck,5,3.15,1251.74,0.91,0
2021-01-08,Port Harcourt,Bike,703,4.23,1452.41,0.87,100
2021-01-05,Port Harcourt,Van,277,4.43,1463.05,0.86,39
2021-01-24,Port Harcourt,Truck,865,4.14,1431.18,0.86,124
2021-01-04,Kano,Bike,58,4.37,1273.61,0.81,11
2021-01-22,Kano,Van,246,4.7,1290.15,0.81,46
2021-01-24,Kano,Truck,413,4.15,1336.19,0.8,78
2021-01-18,Enugu,Bike,36,4.56,1128.37,0.87,4
2021-01-03,Enugu,Van,553,4.36,1264.31,0.88,62
2021-01-19,Enugu,Truck,432,4.31,1222.8,0.87,49
2021-01-14,Ibadan,Bike,609,3.36,1223.93,0.75,145
2021-01-02,Ibadan,Van,56,3.59,1192.13,0.76,13
2021-01-01,Ibadan,Truck,13,2.68,1156.13,0.76,3
2021-01-03,Kaduna,Bike,312,3.03,1273.08,0.86,43
2021-01-07,Kaduna,Van,110,3.28,1294.53,0.86,15
2021-01-08,Kaduna,Truck,38,2.83,1219.62,0.87,5
2021-01-17,Benin City,Bike,622,4.3,1228.51,0.8,116
2021-01-20,Benin City,Van,719,4.46,1397.66,0.81,134
2021-01-01,Benin City,Truck,119,4.32,1235.66,0.82,22
2021-02-18,Lagos,Bike,262,2.78,1056.33,0.87,33
2021-02-07,Lagos,Van,114,3.07,1072.78,0.87,14
2021-02-23,Lagos,Truck,463,2.45,1017.56,0.89,59
2021-02-21,Abuja,Bike,273,2.51,1147.9,0.87,38
2021-02-23,Abuja,Van,874,2.75,1073.84,0.87,122
2021-02-18,Abuja,Truck,606,2.81,1145.21,0.87,85
2021-02-14,Port Harcourt,Bike,336,3.74,1090.81,0.81,61
2021-02-08,Port Harcourt,Van,59,3.59,1123.06,0.81,10
2021-02-15,Port Harcourt,Truck,79,3.52,995.64,0.81,14
2021-02-19,Kano,Bike,802,4.68,1127.42,0.86,121
2021-02-09,Kano,Van,544,4.02,1169.0,0.86,82
2021-02-26,Kano,Truck,354,4.23,1221.66,0.85,53
2021-02-28,Enugu,Bike,750,4.34,1318.31,0.81,131
2021-02-01,Enugu,Van,194,4.05,1425.16,0.81,34
2021-02-25,Enugu,Truck,230,3.97,1295.85,0.82,40
2021-02-26,Ibadan,Bike,10,2.94,1350.5,0.86,1
2021-02-06,Ibadan,Van,136,3.28,1200.9,0.86,20
2021-02-23,Ibadan,Truck,138,3.95,1216.08,0.85,20
2021-02-14,Kaduna,Bike,842,3.26,1117.27,0.84,131
2021-02-11,Kaduna,Van,424,3.46,1206.05,0.82,66
2021-02-09,Kaduna,Truck,545,3.82,1243.0,0.86,85
2021-02-05,Benin City,Bike,214,3.54,1212.57,0.86,31
2021-02-07,Benin City,Van,510,3.39,1374.76,0.86,74
2021-02-25,Benin City,Truck,532,3.37,1203.24,0.85,77
2021-03-11,Lagos,Bike,136,2.66,1197.43,0.81,27
2021-03-04,Lagos,Van,42,2.82,1187.65,0.81,8
2021-03-03,Lagos,Truck,556,3.53,1226.36,0.8,111
2021-03-13,Abuja,Bike,590,2.74,1355.36,0.79,123
2021-03-04,Abuja,Van,162,2.74,1396.03,0.79,33
2021-03-12,Abuja,Truck,12,2.29,1346.54,0.79,2
2021-03-28,Port Harcourt,Bike,454,3.82,1180.83,0.86,64
2021-03-12,Port Harcourt,Van,519,3.72,1151.34,0.86,73
2021-03-20,Port Harcourt,Truck,178,4.0,1186.34,0.85,25
2021-03-09,Kano,Bike,156,2.96,1143.78,0.82,29
2021-03-26,Kano,Van,374,2.2,1234.2,0.83,70
2021-03-02,Kano,Truck,177,3.1,1270.65,0.8,33
2021-03-24,Enugu,Bike,0,3.91,1200.3,0.87,0
2021-03-15,Enugu,Van,240,3.99,1284.04,0.84,32
2021-03-18,Enugu,Truck,78,3.6,1350.46,0.87,10
2021-03-04,Ibadan,Bike,171,2.95,1195.96,0.84,26
2021-03-13,Ibadan,Van,452,2.4,1383.27,0.86,70
2021-03-03,Ibadan,Truck,317,2.76,1252.36,0.85,49
2021-03-18,Kaduna,Bike,455,3.4,1389.58,0.8,95
2021-03-10,Kaduna,Van,21,3.07,1300.79,0.78,4
2021-03-27,Kaduna,Truck,136,2.64,1349.88,0.78,28
2021-03-21,Benin City,Bike,660,2.6,1259.69,0.84,105
2021-03-20,Benin City,Van,474,3.5,1199.97,0.82,75
2021-03-28,Benin City,Truck,882,3.13,1186.74,0.84,141
2021-04-12,Lagos,Bike,299,3.83,1153.41,0.86,40
2021-04-19,Lagos,Van,453,3.28,1191.54,0.88,61
2021-04-07,Lagos,Truck,9,3.48,1135.55,0.86,1
2021-04-23,Abuja,Bike,663,2.83,1210.17,0.84,107
2021-04-03,Abuja,Van,66,3.2,1132.54,0.85,10
2021-04-02,Abuja,Truck,821,2.84,1083.85,0.83,133
2021-04-22,Port Harcourt,Bike,114,2.55,1299.38,0.87,16
2021-04-08,Port Harcourt,Van,1004,2.37,1342.89,0.85,148
2021-04-25,Port Harcourt,Truck,528,2.59,1301.06,0.86,77
2021-04-10,Kano,Bike,345,4.18,1441.68,0.84,59
2021-04-03,Kano,Van,334,4.24,1429.33,0.83,57
2021-04-28,Kano,Truck,59,4.31,1423.35,0.83,10
2021-04-08,Enugu,Bike,488,4.54,1119.48,0.82,77
2021-04-28,Enugu,Van,288,4.13,1103.22,0.85,45
2021-04-04,Enugu,Truck,308,4.11,1090.8,0.82,49
2021-04-13,Ibadan,Bike,312,2.91,1160.8,0.84,49
2021-04-09,Ibadan,Van,208,2.66,1182.58,0.83,32
2021-04-15,Ibadan,Truck,53,2.91,1213.58,0.85,8
2021-04-21,Kaduna,Bike,367,3.83,1142.58,0.86,52
2021-04-27,Kaduna,Van,222,3.89,1106.42,0.87,31
2021-04-12,Kaduna,Truck,182,3.93,1033.7,0.86,26
2021-04-06,Benin City,Bike,27,2.62,1299.94,0.8,5
2021-04-12,Benin City,Van,429,3.04,1418.15,0.81,85
2021-04-12,Benin City,Truck,271,3.1,1424.39,0.8,53
2021-05-07,Lagos,Bike,896,4.13,1235.46,0.85,122
2021-05-22,Lagos,Van,366,4.07,1357.2,0.87,50
2021-05-09,Lagos,Truck,428,4.2,1349.45,0.86,58
2021-05-23,Abuja,Bike,27,3.19,1158.11,0.86,4
2021-05-22,Abuja,Van,559,2.96,1218.74,0.86,81
2021-05-21,Abuja,Truck,137,3.28,1199.48,0.87,20
2021-05-03,Port Harcourt,Bike,163,4.34,1097.75,0.8,33
2021-05-20,Port Harcourt,Van,9,3.4,1104.51,0.8,1
2021-05-21,Port Harcourt,Truck,227,3.08,1191.79,0.79,46
2021-05-06,Kano,Bike,374,3.09,1041.53,0.87,49
2021-05-18,Kano,Van,104,3.09,1120.49,0.88,13
2021-05-24,Kano,Truck,38,2.69,1072.41,0.88,5
2021-05-08,Enugu,Bike,183,3.72,1317.09,0.9,18
2021-05-06,Enugu,Van,174,3.43,1343.73,0.9,17
2021-05-15,Enugu,Truck,701,3.55,1296.43,0.9,71
2021-05-13,Ibadan,Bike,425,3.33,999.23,0.86,63
2021-05-09,Ibadan,Van,363,3.37,1102.26,0.84,54
2021-05-21,Ibadan,Truck,22,4.32,1033.2,0.85,3
2021-05-23,Kaduna,Bike,863,3.11,1348.45,0.84,121
2021-05-18,Kaduna,Van,517,3.49,1240.4,0.85,72
2021-05-08,Kaduna,Truck,726,3.43,1252.55,0.88,102
2021-05-22,Benin City,Bike,22,3.53,1209.99,0.81,4
2021-05-11,Benin City,Van,264,4.29,1292.49,0.78,54
2021-05-27,Benin City,Truck,78,4.34,1251.07,0.79,16
2021-06-25,Lagos,Bike,649,3.71,1105.21,0.93,31
2021-06-25,Lagos,Van,638,3.85,1171.47,0.95,30
2021-06-02,Lagos,Truck,178,3.59,1159.1,0.94,8
2021-06-08,Abuja,Bike,76,3.49,1304.7,0.84,12
2021-06-27,Abuja,Van,161,4.08,1349.82,0.82,26
2021-06-02,Abuja,Truck,229,4.27,1350.94,0.84,37
2021-06-26,Port Harcourt,Bike,419,3.35,1144.5,0.79,82
2021-06-11,Port Harcourt,Van,385,4.73,1131.1,0.82,75
2021-06-13,Port Harcourt,Truck,485,4.11,1127.56,0.81,94
2021-06-09,Kano,Bike,921,3.47,1203.97,0.89,108
2021-06-03,Kano,Van,896,3.98,1237.0,0.88,105
2021-06-07,Kano,Truck,532,3.33,1145.24,0.88,62
2021-06-19,Enugu,Bike,829,2.99,1046.16,0.91,79
2021-06-23,Enugu,Van,24,2.45,1055.43,0.9,2
2021-06-11,Enugu,Truck,682,2.46,1155.69,0.92,65
2021-06-07,Ibadan,Bike,106,2.55,1138.96,0.82,18
2021-06-21,Ibadan,Van,527,2.74,1282.6,0.82,90
2021-06-16,Ibadan,Truck,139,2.54,1283.33,0.84,23
2021-06-13,Kaduna,Bike,670,4.36,1129.93,0.86,91
2021-06-21,Kaduna,Van,720,3.98,1100.26,0.87,98
2021-06-15,Kaduna,Truck,397,3.97,1138.85,0.85,54
2021-06-05,Benin City,Bike,7,3.51,1323.89,0.83,1
2021-06-09,Benin City,Van,837,4.09,1308.2,0.82,142
2021-06-05,Benin City,Truck,620,3.79,1348.59,0.83,105
2021-07-08,Lagos,Bike,133,3.13,1311.74,0.88,16
2021-07-24,Lagos,Van,328,3.27,1281.12,0.89,40
2021-07-18,Lagos,Truck,242,2.37,1395.54,0.86,29
2021-07-18,Abuja,Bike,410,2.65,1259.86,0.86,63
2021-07-09,Abuja,Van,242,2.8,1281.91,0.84,37
2021-07-24,Abuja,Truck,226,2.75,1307.49,0.84,34
2021-07-19,Port Harcourt,Bike,354,3.86,1067.47,0.87,50
2021-07-14,Port Harcourt,Van,740,4.44,1169.67,0.88,106
2021-07-19,Port Harcourt,Truck,326,4.05,1062.96,0.85,46
2021-07-13,Kano,Bike,902,3.66,1211.43,0.8,171
2021-07-12,Kano,Van,898,3.76,1169.24,0.81,170
2021-07-08,Kano,Truck,462,3.62,1184.27,0.8,87
2021-07-05,Enugu,Bike,86,3.27,1135.07,0.87,12
2021-07-17,Enugu,Van,189,4.33,1180.14,0.86,27
2021-07-16,Enugu,Truck,105,3.44,1137.27,0.86,15
2021-07-03,Ibadan,Bike,385,3.17,1190.41,0.82,67
2021-07-25,Ibadan,Van,1265,3.39,1141.04,0.82,221
2021-07-02,Ibadan,Truck,555,2.71,1058.73,0.81,97
2021-07-28,Kaduna,Bike,181,3.92,1050.41,0.87,21
2021-07-04,Kaduna,Van,49,4.0,1112.35,0.89,5
2021-07-05,Kaduna,Truck,408,3.9,1169.57,0.9,48
2021-07-21,Benin City,Bike,181,4.11,1151.0,0.87,25
2021-07-06,Benin City,Van,309,3.76,1152.07,0.84,43
2021-07-26,Benin City,Truck,248,4.13,1130.4,0.87,35
2021-08-22,Lagos,Bike,410,3.97,1309.17,0.78,90
2021-08-14,Lagos,Van,736,3.92,1241.14,0.78,162
2021-08-20,Lagos,Truck,13,3.67,1228.94,0.8,2
2021-08-03,Abuja,Bike,63,4.64,1265.86,0.86,7
2021-08-13,Abuja,Van,82,4.59,1241.9,0.88,10
2021-08-13,Abuja,Truck,408,4.11,1175.19,0.89,50
2021-08-20,Port Harcourt,Bike,315,2.7,1097.81,0.87,45
2021-08-15,Port Harcourt,Van,220,2.96,1197.69,0.88,32
2021-08-17,Port Harcourt,Truck,453,3.26,1129.38,0.86,65
2021-08-09,Kano,Bike,821,3.65,1113.27,0.79,179
2021-08-18,Kano,Van,432,3.34,1103.25,0.78,94
2021-08-28,Kano,Truck,966,2.62,1175.35,0.78,211
2021-08-01,Enugu,Bike,600,3.56,1094.97,0.79,129
2021-08-22,Enugu,Van,94,3.86,944.26,0.78,20
2021-08-24,Enugu,Truck,89,4.12,1091.88,0.79,19
2021-08-04,Ibadan,Bike,809,2.35,1293.42,0.89,81
2021-08-22,Ibadan,Van,935,2.95,1271.19,0.91,94
2021-08-18,Ibadan,Truck,265,2.85,1259.28,0.91,26
2021-08-25,Kaduna,Bike,515,3.48,1288.27,0.86,74
2021-08-09,Kaduna,Van,47,3.4,1214.22,0.85,6
2021-08-25,Kaduna,Truck,8,3.54,1184.68,0.86,1
2021-08-21,Benin City,Bike,231,3.61,1231.24,0.81,39
2021-08-11,Benin City,Van,14,2.95,1218.26,0.81,2
2021-08-04,Benin City,Truck,66,2.93,1230.6,0.84,11
2021-09-10,Lagos,Bike,54,4.1,1262.56,0.85,7
2021-09-14,Lagos,Van,75,3.92,1250.12,0.87,9
2021-09-06,Lagos,Truck,121,3.49,1203.17,0.85,15
2021-09-15,Abuja,Bike,30,2.93,1038.48,0.91,3
2021-09-01,Abuja,Van,110,3.01,1020.57,0.9,11
2021-09-24,Abuja,Truck,91,2.86,984.49,0.9,9
2021-09-24,Port Harcourt,Bike,331,3.59,1318.88,0.92,30
2021-09-09,Port Harcourt,Van,96,4.36,1363.36,0.89,8
2021-09-17,Port Harcourt,Truck,78,3.48,1396.81,0.89,7
2021-09-25,Kano,Bike,107,2.65,976.87,0.85,15
2021-09-06,Kano,Van,402,3.21,1015.62,0.86,58
2021-09-17,Kano,Truck,270,2.81,1015.34,0.85,39
2021-09-04,Enugu,Bike,620,3.78,1283.01,0.83,108
2021-09-28,Enugu,Van,842,4.27,1357.14,0.83,146
2021-09-21,Enugu,Truck,252,4.23,1320.71,0.83,43
2021-09-10,Ibadan,Bike,310,3.56,1180.92,0.88,36
2021-09-27,Ibadan,Van,233,2.82,1130.34,0.87,27
2021-09-21,Ibadan,Truck,303,3.12,1145.44,0.86,36
2021-09-17,Kaduna,Bike,532,4.33,1039.99,0.86,73
2021-09-20,Kaduna,Van,456,4.13,965.48,0.85,63
2021-09-07,Kaduna,Truck,401,4.81,1053.9,0.86,55
2021-09-05,Benin City,Bike,133,3.52,1071.67,0.79,27
2021-09-12,Benin City,Van,371,3.82,1098.26,0.8,77
2021-09-25,Benin City,Truck,1013,2.67,1030.14,0.78,210
2021-10-06,Lagos,Bike,10,4.33,1195.47,0.85,1
2021-10-18,Lagos,Van,591,4.53,1258.12,0.85,82
2021-10-25,Lagos,Truck,60,4.56,1249.5,0.85,8
2021-10-17,Abuja,Bike,134,3.75,1184.04,0.82,22
2021-10-01,Abuja,Van,249,3.82,1134.06,0.83,41
2021-10-20,Abuja,Truck,171,3.62,1187.63,0.83,28
2021-10-11,Port Harcourt,Bike,284,3.23,1122.33,0.86,39
2021-10-16,Port Harcourt,Van,20,3.62,1135.01,0.83,2
2021-10-01,Port Harcourt,Truck,247,3.73,1123.12,0.88,34
2021-10-04,Kano,Bike,52,4.54,1236.87,0.87,7
2021-10-12,Kano,Van,341,3.16,1276.7,0.86,48
2021-10-27,Kano,Truck,182,3.78,1354.78,0.86,25
2021-10-26,Enugu,Bike,347,3.66,1250.71,0.86,49
2021-10-10,Enugu,Van,23,3.89,1260.69,0.85,3
2021-10-08,Enugu,Truck,74,4.17,1157.91,0.87,10
2021-10-02,Ibadan,Bike,124,2.77,1117.17,0.86,17
2021-10-08,Ibadan,Van,328,2.74,1110.6,0.86,45
2021-10-19,Ibadan,Truck,258,3.18,1092.96,0.88,35
2021-10-03,Kaduna,Bike,266,3.13,1235.8,0.87,35
2021-10-03,Kaduna,Van,463,3.74,1191.19,0.88,62
2021-10-24,Kaduna,Truck,346,3.35,1071.49,0.87,46
2021-10-16,Benin City,Bike,41,3.71,1130.97,0.85,6
2021-10-27,Benin City,Van,664,3.97,1186.06,0.85,101
2021-10-03,Benin City,Truck,174,3.2,1113.91,0.84,26
2021-11-25,Lagos,Bike,98,3.89,1205.0,0.86,14
2021-11-18,Lagos,Van,123,3.87,1236.49,0.85,18
2021-11-25,Lagos,Truck,69,3.75,1226.06,0.85,10
2021-11-05,Abuja,Bike,437,4.27,1016.46,0.82,82
2021-11-05,Abuja,Van,103,4.12,1154.11,0.82,19
2021-11-22,Abuja,Truck,76,4.58,1118.58,0.82,14
2021-11-16,Port Harcourt,Bike,726,4.05,1183.49,0.84,128
2021-11-18,Port Harcourt,Van,603,4.13,1053.69,0.83,107
2021-11-06,Port Harcourt,Truck,832,3.7,1182.54,0.84,147
2021-11-09,Kano,Bike,1174,2.88,1181.11,0.89,133
2021-11-17,Kano,Van,1101,3.71,1200.07,0.87,124
2021-11-28,Kano,Truck,987,2.5,1277.27,0.88,112
2021-11-20,Enugu,Bike,612,4.43,1228.26,0.9,57
2021-11-14,Enugu,Van,488,4.75,1278.52,0.9,46
2021-11-07,Enugu,Truck,392,4.68,1245.63,0.91,37
2021-11-18,Ibadan,Bike,511,4.72,1247.47,0.82,78
2021-11-25,Ibadan,Van,295,4.67,1167.65,0.85,45
2021-11-24,Ibadan,Truck,304,4.33,1235.43,0.85,46
2021-11-23,Kaduna,Bike,1146,3.88,1118.3,0.86,163
2021-11-07,Kaduna,Van,587,3.61,1202.38,0.85,83
2021-11-23,Kaduna,Truck,567,3.92,1047.72,0.86,80
2021-11-10,Benin City,Bike,10,3.4,1212.16,0.82,1
2021-11-13,Benin City,Van,28,3.71,1196.43,0.81,5
2021-11-22,Benin City,Truck,72,3.99,1263.87,0.81,13
2021-12-21,Lagos,Bike,127,3.13,1251.89,0.85,19
2021-12-12,Lagos,Van,139,3.11,1309.88,0.82,21
2021-12-15,Lagos,Truck,95,2.51,1192.22,0.86,14
2021-12-17,Abuja,Bike,222,4.06,935.32,0.81,41
2021-12-15,Abuja,Van,276,3.98,855.04,0.83,50
2021-12-04,Abuja,Truck,10,3.44,983.18,0.82,1
2021-12-08,Port Harcourt,Bike,242,3.83,1008.4,0.87,31
2021-12-08,Port Harcourt,Van,117,2.88,1156.67,0.86,15
2021-12-03,Port Harcourt,Truck,363,3.42,1054.88,0.86,46
2021-12-11,Kano,Bike,117,3.61,1129.81,0.84,19
2021-12-01,Kano,Van,645,3.24,1161.5,0.83,108
2021-12-19,Kano,Truck,201,3.37,1148.23,0.84,33
2021-12-18,Enugu,Bike,327,3.01,1062.24,0.94,21
2021-12-08,Enugu,Van,482,3.01,994.11,0.95,32
2021-12-19,Enugu,Truck,236,2.95,1039.82,0.92,15
2021-12-08,Ibadan,Bike,189,2.53,1250.21,0.89,19
2021-12-01,Ibadan,Van,241,2.74,1292.05,0.89,24
2021-12-03,Ibadan,Truck,600,3.28,1281.95,0.9,61
2021-12-23,Kaduna,Bike,274,3.24,1184.45,0.81,47
2021-12-21,Kaduna,Van,479,2.86,1250.95,0.84,82
2021-12-02,Kaduna,Truck,54,3.51,1211.64,0.83,9
2021-12-08,Benin City,Bike,358,3.31,1088.62,0.8,71
2021-12-03,Benin City,Van,284,3.91,1110.02,0.82,56
2021-12-02,Benin City,Truck,244,3.01,1169.22,0.81,48
2022-01-28,Lagos,Bike,918,3.42,1307.8,0.9,89
2022-01-11,Lagos,Van,349,3.23,1314.56,0.92,33
2022-01-03,Lagos,Truck,54,3.65,1357.12,0.9,5
2022-01-17,Abuja,Bike,534,2.32,1318.65,0.83,79
2022-01-08,Abuja,Van,449,2.71,1192.38,0.84,67
2022-01-09,Abuja,Truck,416,2.56,1421.1,0.84,62
2022-01-22,Port Harcourt,Bike,236,3.12,1216.86,0.82,44
2022-01-16,Port Harcourt,Van,708,3.25,1208.75,0.81,133
2022-01-07,Port Harcourt,Truck,398,3.29,1213.03,0.81,75
2022-01-18,Kano,Bike,516,3.02,1045.32,0.92,39
2022-01-05,Kano,Van,417,3.01,1128.64,0.92,32
2022-01-24,Kano,Truck,481,3.01,1042.93,0.93,37
2022-01-19,Enugu,Bike,16,3.91,1201.06,0.84,2
2022-01-19,Enugu,Van,352,3.36,1181.16,0.84,55
2022-01-16,Enugu,Truck,76,4.13,1184.5,0.84,11
2022-01-08,Ibadan,Bike,126,2.93,1361.35,0.84,20
2022-01-26,Ibadan,Van,693,3.13,1331.62,0.84,114
2022-01-16,Ibadan,Truck,418,3.11,1305.1,0.83,69
2022-01-26,Kaduna,Bike,438,3.02,1005.23,0.83,75
2022-01-14,Kaduna,Van,4,2.83,1049.53,0.81,0
2022-01-07,Kaduna,Truck,714,3.1,1074.06,0.84,122
2022-01-04,Benin City,Bike,456,3.65,1246.33,0.85,68
2022-01-04,Benin City,Van,310,3.57,1157.37,0.84,46
2022-01-22,Benin City,Truck,252,3.24,1234.27,0.84,37
2022-02-14,Lagos,Bike,184,3.53,1300.43,0.86,23
2022-02-12,Lagos,Van,294,3.23,1218.81,0.86,37
2022-02-14,Lagos,Truck,292,3.14,1326.59,0.87,36
2022-02-14,Abuja,Bike,243,2.61,1196.07,0.87,31
2022-02-15,Abuja,Van,462,2.43,1341.7,0.87,60
2022-02-28,Abuja,Truck,1173,2.76,1387.47,0.85,153
2022-02-24,Port Harcourt,Bike,769,3.12,1062.67,0.81,132
2022-02-02,Port Harcourt,Van,866,3.04,1059.5,0.84,149
2022-02-22,Port Harcourt,Truck,433,2.77,1006.17,0.82,74
2022-02-21,Kano,Bike,336,3.44,1278.76,0.82,58
2022-02-21,Kano,Van,200,3.71,1385.36,0.82,34
2022-02-04,Kano,Truck,585,3.06,1394.2,0.82,101
2022-02-02,Enugu,Bike,481,3.5,1111.86,0.85,73
2022-02-13,Enugu,Van,592,3.56,1215.8,0.85,90
2022-02-24,Enugu,Truck,181,2.86,1152.14,0.86,27
2022-02-11,Ibadan,Bike,525,3.79,1238.15,0.81,89
2022-02-26,Ibadan,Van,107,3.15,1298.0,0.82,18
2022-02-28,Ibadan,Truck,493,3.53,1225.71,0.82,83
2022-02-04,Kaduna,Bike,723,2.07,1224.15,0.87,75
2022-02-08,Kaduna,Van,190,3.28,1230.89,0.91,19
2022-02-07,Kaduna,Truck,331,2.47,1179.04,0.89,34
2022-02-07,Benin City,Bike,109,2.49,1380.92,0.87,12
2022-02-18,Benin City,Van,901,2.01,1379.68,0.89,106
2022-02-15,Benin City,Truck,440,2.15,1286.41,0.9,52
2022-03-05,Lagos,Bike,113,2.04,1201.16,0.83,16
2022-03-14,Lagos,Van,764,2.23,1281.48,0.85,109
2022-03-06,Lagos,Truck,531,2.36,1387.25,0.86,76
2022-03-09,Abuja,Bike,438,4.42,1385.19,0.89,58
2022-03-15,Abuja,Van,505,3.86,1329.05,0.86,67
2022-03-08,Abuja,Truck,520,4.34,1267.57,0.88,69
2022-03-28,Port Harcourt,Bike,505,3.49,1283.73,0.86,62
2022-03-03,Port Harcourt,Van,216,3.38,1306.74,0.89,26
2022-03-15,Port Harcourt,Truck,279,3.53,1120.36,0.88,34
2022-03-26,Kano,Bike,219,3.98,1264.52,0.79,46
2022-03-28,Kano,Van,437,3.35,1302.42,0.8,92
2022-03-28,Kano,Truck,174,3.34,1257.9,0.79,36
2022-03-18,Enugu,Bike,880,3.53,1249.78,0.9,77
2022-03-04,Enugu,Van,152,3.62,1201.26,0.91,13
2022-03-02,Enugu,Truck,288,3.16,1235.36,0.9,25
2022-03-21,Ibadan,Bike,94,2.87,1327.75,0.86,11
2022-03-18,Ibadan,Van,1108,2.53,1321.13,0.88,135
2022-03-27,Ibadan,Truck,619,2.52,1292.81,0.87,75
2022-03-01,Kaduna,Bike,842,3.76,1402.19,0.85,123
2022-03-03,Kaduna,Van,224,3.98,1369.98,0.85,33
2022-03-25,Kaduna,Truck,2,3.59,1411.37,0.84,0
2022-03-28,Benin City,Bike,659,2.27,1337.16,0.82,109
2022-03-08,Benin City,Van,55,1.82,1317.38,0.85,9
2022-03-06,Benin City,Truck,193,2.05,1369.28,0.82,32
2022-04-14,Lagos,Bike,58,2.83,1215.13,0.82,9
2022-04-16,Lagos,Van,53,3.34,1188.14,0.82,9
2022-04-16,Lagos,Truck,162,2.55,1260.17,0.84,27
2022-04-07,Abuja,Bike,35,3.13,1060.48,0.82,6
2022-04-28,Abuja,Van,428,3.96,1149.32,0.82,81
2022-04-13,Abuja,Truck,710,3.66,1038.33,0.8,135
2022-04-02,Port Harcourt,Bike,502,3.75,1184.96,0.84,77
2022-04-06,Port Harcourt,Van,619,3.42,1080.59,0.84,95
2022-04-13,Port Harcourt,Truck,107,3.45,1238.57,0.85,16
2022-04-01,Kano,Bike,548,4.05,1313.0,0.8,107
2022-04-13,Kano,Van,999,4.04,1298.08,0.79,195
2022-04-09,Kano,Truck,180,2.85,1238.54,0.82,35
2022-04-26,Enugu,Bike,669,3.13,1143.34,0.84,96
2022-04-26,Enugu,Van,18,3.36,1212.69,0.84,2
2022-04-15,Enugu,Truck,217,3.3,1115.52,0.86,31
2022-04-10,Ibadan,Bike,418,2.46,1288.96,0.89,46
2022-04-14,Ibadan,Van,708,3.04,1260.35,0.9,78
2022-04-23,Ibadan,Truck,493,2.68,1242.9,0.89,54
2022-04-24,Kaduna,Bike,1067,2.7,1240.79,0.83,174
2022-04-26,Kaduna,Van,781,3.2,1303.58,0.86,127
2022-04-18,Kaduna,Truck,488,2.9,1262.83,0.83,79
2022-04-22,Benin City,Bike,211,4.41,1034.12,0.8,44
2022-04-23,Benin City,Van,252,4.18,1071.05,0.79,53
2022-04-16,Benin City,Truck,66,4.2,1063.62,0.78,13
2022-05-05,Lagos,Bike,36,4.19,1288.26,0.83,5
2022-05-07,Lagos,Van,762,4.34,1282.86,0.84,126
2022-05-10,Lagos,Truck,91,3.94,1338.09,0.82,15
2022-05-07,Abuja,Bike,251,3.95,1102.38,0.85,36
2022-05-02,Abuja,Van,5,3.52,1193.31,0.87,0
2022-05-19,Abuja,Truck,295,4.02,1176.21,0.86,42
2022-05-24,Port Harcourt,Bike,185,3.27,1204.51,0.9,19
2022-05-18,Port Harcourt,Van,97,2.59,1188.8,0.89,10
2022-05-02,Port Harcourt,Truck,400,2.79,1202.18,0.9,41
2022-05-24,Kano,Bike,426,4.19,1308.58,0.87,50
2022-05-11,Kano,Van,376,4.32,1283.34,0.86,44
2022-05-02,Kano,Truck,601,4.02,1258.8,0.88,71
2022-05-02,Enugu,Bike,453,3.31,1342.08,0.87,57
2022-05-19,Enugu,Van,187,2.82,1188.88,0.89,23
2022-05-16,Enugu,Truck,71,3.15,1258.16,0.87,9
2022-05-17,Ibadan,Bike,571,3.39,1278.14,0.84,92
2022-05-28,Ibadan,Van,587,2.96,1206.51,0.83,94
2022-05-17,Ibadan,Truck,195,3.78,1258.7,0.84,31
2022-05-06,Kaduna,Bike,843,3.99,1244.53,0.91,73
2022-05-02,Kaduna,Van,199,3.67,1167.97,0.93,17
2022-05-17,Kaduna,Truck,464,3.31,1234.16,0.91,40
2022-05-03,Benin City,Bike,454,4.08,1246.67,0.83,73
2022-05-28,Benin City,Van,494,3.46,1183.11,0.86,80
2022-05-06,Benin City,Truck,226,3.54,1245.49,0.84,36
2022-06-03,Lagos,Bike,67,2.39,1218.85,0.91,5
2022-06-20,Lagos,Van,18,2.85,1165.51,0.93,1
2022-06-03,Lagos,Truck,491,2.17,1273.9,0.89,41
2022-06-22,Abuja,Bike,33,2.34,1477.47,0.85,4
2022-06-28,Abuja,Van,100,2.07,1492.86,0.86,14
2022-06-08,Abuja,Truck,72,2.52,1489.92,0.85,10
2022-06-13,Port Harcourt,Bike,276,3.48,1253.08,0.85,41
2022-06-04,Port Harcourt,Van,34,3.94,1352.38,0.85,5
2022-06-19,Port Harcourt,Truck,399,3.39,1302.38,0.85,59
2022-06-08,Kano,Bike,49,3.4,1140.91,0.84,7
2022-06-19,Kano,Van,620,2.66,1169.96,0.85,94
2022-06-20,Kano,Truck,459,3.07,1148.23,0.86,70
2022-06-02,Enugu,Bike,343,3.26,1098.41,0.84,55
2022-06-20,Enugu,Van,149,3.21,1019.97,0.84,24
2022-06-03,Enugu,Truck,352,3.02,1102.6,0.84,56
2022-06-14,Ibadan,Bike,117,4.54,1170.32,0.86,14
2022-06-22,Ibadan,Van,947,4.11,1025.76,0.88,119
2022-06-19,Ibadan,Truck,859,3.95,1047.26,0.88,108
2022-06-19,Kaduna,Bike,703,4.16,1369.78,0.79,148
2022-06-17,Kaduna,Van,119,3.75,1369.45,0.78,25
2022-06-11,Kaduna,Truck,185,3.81,1410.74,0.78,39
2022-06-09,Benin City,Bike,658,3.73,1210.77,0.82,113
2022-06-07,Benin City,Van,172,3.61,1217.54,0.83,29
2022-06-22,Benin City,Truck,678,3.89,1236.98,0.81,116
2022-07-23,Lagos,Bike,196,3.22,1382.34,0.84,27
2022-07-11,Lagos,Van,241,2.87,1396.29,0.84,34
2022-07-08,Lagos,Truck,226,3.13,1354.07,0.84,32
2022-07-09,Abuja,Bike,384,3.36,1543.16,0.91,29
2022-07-13,Abuja,Van,120,3.85,1450.47,0.92,9
2022-07-05,Abuja,Truck,19,3.64,1420.44,0.93,1
2022-07-22,Port Harcourt,Bike,94,3.04,1233.77,0.86,11
2022-07-21,Port Harcourt,Van,739,3.53,1167.9,0.87,86
2022-07-10,Port Harcourt,Truck,656,2.87,1266.63,0.88,76
2022-07-15,Kano,Bike,228,3.99,1235.54,0.81,42
2022-07-11,Kano,Van,170,3.69,1209.63,0.82,31
2022-07-25,Kano,Truck,490,3.92,1217.79,0.81,90
2022-07-03,Enugu,Bike,334,3.02,1247.65,0.91,29
2022-07-01,Enugu,Van,265,2.39,1226.18,0.91,23
2022-07-15,Enugu,Truck,321,3.02,1282.27,0.89,28
2022-07-20,Ibadan,Bike,42,3.84,1155.98,0.84,6
2022-07-19,Ibadan,Van,316,3.91,1112.89,0.84,51
2022-07-04,Ibadan,Truck,38,3.94,1132.05,0.83,6
2022-07-03,Kaduna,Bike,575,4.25,1530.84,0.88,63
2022-07-18,Kaduna,Van,1083,4.39,1358.61,0.88,118
2022-07-07,Kaduna,Truck,1142,4.05,1364.34,0.88,125
2022-07-17,Benin City,Bike,1082,3.52,1320.85,0.88,135
2022-07-09,Benin City,Van,186,3.78,1194.87,0.87,23
2022-07-05,Benin City,Truck,180,3.46,1078.62,0.87,22
2022-08-12,Lagos,Bike,166,2.38,1275.51,0.88,20
2022-08-03,Lagos,Van,163,2.48,1370.72,0.89,20
2022-08-08,Lagos,Truck,4,2.66,1276.24,0.86,0
2022-08-12,Abuja,Bike,197,2.45,1311.74,0.86,25
2022-08-10,Abuja,Van,363,2.72,1370.2,0.87,47
2022-08-06,Abuja,Truck,347,2.59,1401.27,0.87,45
2022-08-15,Port Harcourt,Bike,184,3.57,1171.81,0.86,25
2022-08-27,Port Harcourt,Van,204,3.11,1041.33,0.87,28
2022-08-18,Port Harcourt,Truck,6,3.41,1195.05,0.86,0
2022-08-23,Kano,Bike,616,2.69,1260.36,0.8,118
2022-08-10,Kano,Van,250,3.36,1325.2,0.82,48
2022-08-20,Kano,Truck,88,2.92,1191.32,0.81,17
2022-08-26,Enugu,Bike,191,3.2,1277.51,0.82,32
2022-08-21,Enugu,Van,125,2.79,1251.83,0.84,21
2022-08-17,Enugu,Truck,381,3.39,1176.94,0.82,65
2022-08-01,Ibadan,Bike,489,3.91,1233.69,0.85,58
2022-08-22,Ibadan,Van,87,3.05,1186.83,0.86,10
2022-08-27,Ibadan,Truck,714,2.98,1243.94,0.88,85
2022-08-18,Kaduna,Bike,402,4.07,1402.64,0.91,38
2022-08-10,Kaduna,Van,861,4.64,1447.49,0.9,82
2022-08-22,Kaduna,Truck,682,3.76,1478.18,0.92,65
2022-08-04,Benin City,Bike,51,3.23,1171.22,0.85,7
2022-08-05,Benin City,Van,762,3.16,1091.18,0.84,112
2022-08-09,Benin City,Truck,56,2.93,1161.73,0.85,8
2022-09-04,Lagos,Bike,282,3.0,1505.21,0.82,49
2022-09-04,Lagos,Van,92,2.87,1452.52,0.82,16
2022-09-24,Lagos,Truck,241,3.44,1344.01,0.83,41
2022-09-18,Abuja,Bike,437,2.46,1207.97,0.85,56
2022-09-05,Abuja,Van,71,2.66,1154.81,0.87,9
2022-09-09,Abuja,Truck,74,2.03,1208.89,0.86,9
2022-09-10,Port Harcourt,Bike,231,2.8,1193.81,0.82,36
2022-09-20,Port Harcourt,Van,744,2.99,1160.83,0.84,118
2022-09-07,Port Harcourt,Truck,534,3.14,1189.17,0.82,84
2022-09-23,Kano,Bike,237,2.79,1261.31,0.82,40
2022-09-11,Kano,Van,82,3.71,1285.75,0.84,14
2022-09-07,Kano,Truck,229,2.78,1192.78,0.85,39
2022-09-22,Enugu,Bike,898,3.89,1368.55,0.85,130
2022-09-21,Enugu,Van,386,4.24,1369.68,0.85,55
2022-09-28,Enugu,Truck,79,4.13,1370.27,0.85,11
2022-09-09,Ibadan,Bike,784,3.6,1181.85,0.82,139
2022-09-17,Ibadan,Van,446,3.28,1171.97,0.83,79
2022-09-16,Ibadan,Truck,17,3.7,1193.29,0.83,3
2022-09-09,Kaduna,Bike,434,3.55,1419.8,0.91,38
2022-09-28,Kaduna,Van,650,4.01,1389.55,0.89,57
2022-09-02,Kaduna,Truck,369,4.28,1455.13,0.9,32
2022-09-03,Benin City,Bike,176,3.72,1148.34,0.82,30
2022-09-21,Benin City,Van,41,3.59,1141.97,0.83,7
2022-09-14,Benin City,Truck,278,4.48,1212.71,0.84,47
2022-10-27,Lagos,Bike,746,4.03,1194.47,0.83,123
2022-10-09,Lagos,Van,508,4.87,1313.67,0.83,83
2022-10-02,Lagos,Truck,398,4.45,1275.44,0.85,65
2022-10-01,Abuja,Bike,539,4.29,1094.39,0.85,79
2022-10-11,Abuja,Van,130,3.67,1156.42,0.85,19
2022-10-25,Abuja,Truck,125,3.66,1078.94,0.86,18
2022-10-05,Port Harcourt,Bike,681,3.73,1315.14,0.8,137
2022-10-21,Port Harcourt,Van,185,4.53,1164.97,0.79,37
2022-10-09,Port Harcourt,Truck,88,4.23,1229.99,0.8,17
2022-10-06,Kano,Bike,352,3.21,1150.04,0.89,41
2022-10-24,Kano,Van,478,2.96,1160.74,0.87,55
2022-10-15,Kano,Truck,219,2.79,1172.57,0.89,25
2022-10-18,Enugu,Bike,453,4.13,1368.91,0.92,37
2022-10-23,Enugu,Van,195,4.31,1350.66,0.91,16
2022-10-14,Enugu,Truck,21,3.84,1380.08,0.92,1
2022-10-18,Ibadan,Bike,415,3.05,1312.11,0.84,68
2022-10-01,Ibadan,Van,366,3.02,1279.64,0.85,60
2022-10-04,Ibadan,Truck,2,3.16,1180.24,0.83,0
2022-10-03,Kaduna,Bike,51,4.18,1275.81,0.83,9
2022-10-23,Kaduna,Van,36,4.3,1208.67,0.82,6
2022-10-05,Kaduna,Truck,643,3.5,1100.14,0.81,114
2022-10-18,Benin City,Bike,855,2.13,1382.51,0.82,138
2022-10-02,Benin City,Van,732,2.63,1278.52,0.83,118
2022-10-27,Benin City,Truck,84,2.56,1324.66,0.84,13
2022-11-12,Lagos,Bike,8,3.06,1290.92,0.86,1
2022-11-19,Lagos,Van,549,2.8,1275.93,0.89,77
2022-11-18,Lagos,Truck,430,3.76,1295.6,0.87,60
2022-11-05,Abuja,Bike,210,3.51,1352.7,0.88,25
2022-11-14,Abuja,Van,45,4.33,1251.94,0.88,5
2022-11-05,Abuja,Truck,52,4.12,1324.98,0.88,6
2022-11-02,Port Harcourt,Bike,441,4.19,1277.19,0.85,68
2022-11-10,Port Harcourt,Van,27,4.08,1384.73,0.85,4
2022-11-12,Port Harcourt,Truck,9,4.32,1305.3,0.85,1
2022-11-26,Kano,Bike,77,2.79,1274.04,0.89,8
2022-11-28,Kano,Van,340,2.88,1281.72,0.89,37
2022-11-02,Kano,Truck,296,2.76,1319.53,0.88,32
2022-11-12,Enugu,Bike,244,3.04,1268.85,0.89,25
2022-11-07,Enugu,Van,107,2.77,1254.45,0.9,11
2022-11-22,Enugu,Truck,378,2.83,1270.43,0.9,40
2022-11-08,Ibadan,Bike,243,2.84,1034.31,0.79,50
2022-11-22,Ibadan,Van,332,3.18,1068.09,0.8,68
2022-11-04,Ibadan,Truck,26,3.18,1090.93,0.79,5
2022-11-12,Kaduna,Bike,48,4.47,1284.6,0.89,5
2022-11-25,Kaduna,Van,15,4.13,1252.72,0.89,1
2022-11-18,Kaduna,Truck,110,4.6,1305.07,0.89,12
2022-11-28,Benin City,Bike,408,2.92,1247.6,0.86,61
2022-11-14,Benin City,Van,17,2.97,1292.98,0.85,2
2022-11-20,Benin City,Truck,711,3.03,1302.18,0.83,106
2022-12-24,Lagos,Bike,308,2.75,1290.11,0.92,28
2022-12-05,Lagos,Van,100,2.97,1229.7,0.91,9
2022-12-08,Lagos,Truck,51,3.28,1208.9,0.91,4
2022-12-28,Abuja,Bike,349,2.03,1421.85,0.86,43
2022-12-06,Abuja,Van,72,2.04,1360.91,0.87,9
2022-12-26,Abuja,Truck,81,2.0,1380.36,0.87,10
2022-12-26,Port Harcourt,Bike,931,2.86,1370.99,0.88,129
2022-12-06,Port Harcourt,Van,204,3.29,1391.59,0.85,28
2022-12-14,Port Harcourt,Truck,379,2.65,1382.81,0.86,52
2022-12-01,Kano,Bike,508,3.28,1054.91,0.8,95
2022-12-06,Kano,Van,243,3.62,913.49,0.81,45
2022-12-24,Kano,Truck,464,2.83,966.54,0.81,86
2022-12-11,Enugu,Bike,42,3.98,1286.56,0.82,7
2022-12-26,Enugu,Van,421,4.75,1280.69,0.82,72
2022-12-14,Enugu,Truck,895,4.2,1161.02,0.82,154
2022-12-26,Ibadan,Bike,448,4.14,1280.39,0.87,56
2022-12-22,Ibadan,Van,101,3.71,1183.83,0.89,12
2022-12-28,Ibadan,Truck,202,3.88,1200.37,0.88,25
2022-12-24,Kaduna,Bike,118,2.43,1426.85,0.87,14
2022-12-26,Kaduna,Van,35,2.58,1398.25,0.88,4
2022-12-08,Kaduna,Truck,216,2.95,1452.59,0.88,26
2022-12-09,Benin City,Bike,7,2.73,1103.21,0.89,0
2022-12-06,Benin City,Van,167,2.31,1221.75,0.9,18
2022-12-26,Benin City,Truck,229,3.07,1108.11,0.9,25
2023-01-23,Lagos,Bike,67,2.3,1354.8,0.88,8
2023-01-04,Lagos,Van,92,2.69,1442.24,0.87,11
2023-01-13,Lagos,Truck,591,3.18,1376.31,0.87,75
2023-01-28,Abuja,Bike,518,4.04,1328.98,0.85,76
2023-01-02,Abuja,Van,321,4.2,1430.7,0.87,47
2023-01-28,Abuja,Truck,694,4.26,1413.28,0.86,102
2023-01-16,Port Harcourt,Bike,890,3.17,1337.94,0.9,96
2023-01-08,Port Harcourt,Van,82,3.58,1361.52,0.89,9
2023-01-07,Port Harcourt,Truck,427,2.84,1460.48,0.88,46
2023-01-27,Kano,Bike,567,3.37,1295.57,0.89,64
2023-01-15,Kano,Van,273,3.39,1399.81,0.89,31
2023-01-12,Kano,Truck,17,3.55,1366.02,0.89,1
2023-01-10,Enugu,Bike,519,3.05,1228.97,0.82,87
2023-01-27,Enugu,Van,162,3.38,1253.38,0.84,27
2023-01-26,Enugu,Truck,324,3.48,1290.44,0.84,54
2023-01-28,Ibadan,Bike,616,3.42,1284.7,0.84,92
2023-01-08,Ibadan,Van,180,3.72,1265.96,0.85,27
2023-01-08,Ibadan,Truck,417,3.64,1247.38,0.85,62
2023-01-01,Kaduna,Bike,38,4.83,1412.9,0.87,5
2023-01-22,Kaduna,Van,382,4.59,1378.5,0.88,50
2023-01-07,Kaduna,Truck,852,5.4,1451.26,0.87,112
2023-01-13,Benin City,Bike,268,2.71,1409.25,0.79,51
2023-01-11,Benin City,Van,158,2.37,1266.79,0.81,30
2023-01-09,Benin City,Truck,152,2.78,1335.51,0.81,28
2023-02-28,Lagos,Bike,391,3.34,1214.81,0.88,51
2023-02-03,Lagos,Van,191,2.86,1117.86,0.87,25
2023-02-25,Lagos,Truck,454,3.5,1198.52,0.84,59
2023-02-09,Abuja,Bike,490,3.06,1343.21,0.9,49
2023-02-12,Abuja,Van,372,2.74,1296.64,0.91,37
2023-02-21,Abuja,Truck,532,2.7,1395.98,0.91,53
2023-02-17,Port Harcourt,Bike,14,3.31,1354.42,0.87,1
2023-02-13,Port Harcourt,Van,671,3.43,1307.75,0.86,86
2023-02-22,Port Harcourt,Truck,891,3.39,1396.02,0.87,114
2023-02-27,Kano,Bike,216,2.5,1204.96,0.78,48
2023-02-18,Kano,Van,58,3.0,1214.51,0.76,13
2023-02-11,Kano,Truck,422,2.95,1087.42,0.78,94
2023-02-01,Enugu,Bike,244,2.33,1098.9,0.88,28
2023-02-04,Enugu,Van,394,2.97,1006.28,0.9,46
2023-02-09,Enugu,Truck,34,3.11,1200.34,0.88,4
2023-02-06,Ibadan,Bike,160,3.3,1209.3,0.84,26
2023-02-19,Ibadan,Van,358,2.93,1174.89,0.83,58
2023-02-09,Ibadan,Truck,539,2.97,1186.97,0.83,88
2023-02-02,Kaduna,Bike,168,3.28,1300.37,0.87,20
2023-02-04,Kaduna,Van,523,3.07,1381.01,0.9,64
2023-02-20,Kaduna,Truck,431,2.93,1335.11,0.9,53
2023-02-14,Benin City,Bike,560,3.82,1063.74,0.84,97
2023-02-12,Benin City,Van,503,3.74,1030.25,0.83,87
2023-02-24,Benin City,Truck,673,3.58,1174.06,0.82,117
2023-03-26,Lagos,Bike,601,3.82,1338.34,0.9,56
2023-03-11,Lagos,Van,698,3.38,1299.97,0.9,66
2023-03-14,Lagos,Truck,634,4.02,1274.3,0.89,60
2023-03-20,Abuja,Bike,392,3.24,1343.31,0.86,54
2023-03-17,Abuja,Van,73,3.16,1328.54,0.87,10
2023-03-04,Abuja,Truck,20,2.59,1393.14,0.87,2
2023-03-13,Port Harcourt,Bike,429,3.41,1284.0,0.88,48
2023-03-19,Port Harcourt,Van,1194,3.78,1411.23,0.89,134
2023-03-07,Port Harcourt,Truck,258,3.34,1340.12,0.88,29
2023-03-09,Kano,Bike,683,3.36,1517.32,0.81,116
2023-03-02,Kano,Van,808,3.41,1400.66,0.82,138
2023-03-23,Kano,Truck,42,3.43,1499.06,0.82,7
2023-03-14,Enugu,Bike,266,3.82,1379.51,0.89,24
2023-03-01,Enugu,Van,549,3.74,1200.07,0.88,49
2023-03-17,Enugu,Truck,177,4.14,1319.51,0.91,16
2023-03-26,Ibadan,Bike,353,2.44,1442.59,0.86,45
2023-03-18,Ibadan,Van,138,2.69,1474.26,0.87,17
2023-03-22,Ibadan,Truck,520,2.41,1563.7,0.89,67
2023-03-24,Kaduna,Bike,137,2.57,1212.35,0.9,11
2023-03-24,Kaduna,Van,737,2.27,1193.31,0.92,63
2023-03-24,Kaduna,Truck,82,2.08,1247.39,0.88,7
2023-03-22,Benin City,Bike,110,3.37,1381.61,0.83,19
2023-03-07,Benin City,Van,279,3.06,1386.24,0.83,48
2023-03-12,Benin City,Truck,179,3.38,1360.21,0.85,30
2023-04-14,Lagos,Bike,240,2.76,1383.62,0.84,39
2023-04-03,Lagos,Van,652,3.31,1336.3,0.84,106
2023-04-22,Lagos,Truck,594,3.22,1453.53,0.84,97
2023-04-11,Abuja,Bike,277,2.84,1351.78,0.83,49
2023-04-20,Abuja,Van,1022,2.63,1352.65,0.83,181
2023-04-11,Abuja,Truck,924,2.98,1258.66,0.83,163
2023-04-22,Port Harcourt,Bike,119,2.73,1556.29,0.9,12
2023-04-28,Port Harcourt,Van,31,2.42,1551.32,0.9,3
2023-04-04,Port Harcourt,Truck,147,2.75,1577.64,0.89,14
2023-04-24,Kano,Bike,19,2.98,1108.06,0.87,2
2023-04-10,Kano,Van,51,3.53,1017.51,0.87,7
2023-04-17,Kano,Truck,125,4.01,1103.37,0.86,17
2023-04-10,Enugu,Bike,253,2.71,1316.9,0.84,40
2023-04-22,Enugu,Van,392,2.67,1275.36,0.83,62
2023-04-14,Enugu,Truck,58,2.65,1196.14,0.83,9
2023-04-11,Ibadan,Bike,523,3.8,1276.01,0.86,80
2023-04-13,Ibadan,Van,326,3.31,1278.63,0.85,50
2023-04-23,Ibadan,Truck,247,2.89,1271.46,0.84,38
2023-04-10,Kaduna,Bike,412,2.87,1211.89,0.88,52
2023-04-18,Kaduna,Van,970,2.96,1334.04,0.88,123
2023-04-05,Kaduna,Truck,555,3.25,1181.56,0.88,70
2023-04-07,Benin City,Bike,383,3.36,1285.25,0.84,63
2023-04-14,Benin City,Van,70,2.84,1316.54,0.84,11
2023-04-22,Benin City,Truck,360,3.37,1293.39,0.83,60
2023-05-13,Lagos,Bike,403,3.5,1423.46,0.84,63
2023-05-22,Lagos,Van,927,3.27,1527.78,0.86,145
2023-05-24,Lagos,Truck,516,2.93,1481.49,0.85,80
2023-05-06,Abuja,Bike,152,3.89,1296.92,0.85,21
2023-05-20,Abuja,Van,18,4.17,1182.75,0.85,2
2023-05-19,Abuja,Truck,457,3.59,1230.89,0.87,64
2023-05-10,Port Harcourt,Bike,88,3.36,1388.84,0.86,11
2023-05-13,Port Harcourt,Van,421,3.02,1295.68,0.87,54
2023-05-18,Port Harcourt,Truck,175,3.22,1275.34,0.89,22
2023-05-27,Kano,Bike,23,2.78,1316.22,0.85,3
2023-05-01,Kano,Van,829,3.53,1238.96,0.85,120
2023-05-10,Kano,Truck,239,2.71,1288.94,0.86,34
2023-05-10,Enugu,Bike,526,3.83,1470.58,0.89,67
2023-05-07,Enugu,Van,128,3.71,1448.9,0.88,16
2023-05-14,Enugu,Truck,77,4.25,1544.4,0.88,9
2023-05-26,Ibadan,Bike,120,3.3,1183.05,0.91,9
2023-05-19,Ibadan,Van,430,3.3,1235.07,0.91,33
2023-05-20,Ibadan,Truck,121,2.85,1264.77,0.93,9
2023-05-21,Kaduna,Bike,198,2.89,1432.68,0.86,25
2023-05-11,Kaduna,Van,4,3.0,1271.22,0.87,0
2023-05-15,Kaduna,Truck,57,2.45,1366.44,0.86,7
2023-05-15,Benin City,Bike,854,2.89,1324.55,0.88,97
2023-05-15,Benin City,Van,163,3.43,1330.21,0.89,18
2023-05-22,Benin City,Truck,117,3.27,1349.7,0.88,13
2023-06-07,Lagos,Bike,501,3.67,1270.13,0.91,49
2023-06-17,Lagos,Van,392,3.34,1373.64,0.89,38
2023-06-16,Lagos,Truck,46,4.59,1243.19,0.91,4
2023-06-26,Abuja,Bike,77,2.27,1203.52,0.91,8
2023-06-26,Abuja,Van,216,3.45,1259.73,0.89,22
2023-06-24,Abuja,Truck,508,2.66,1174.88,0.88,53
2023-06-06,Port Harcourt,Bike,185,3.25,1312.62,0.84,25
2023-06-22,Port Harcourt,Van,178,4.26,1205.52,0.87,24
2023-06-03,Port Harcourt,Truck,387,4.29,1257.0,0.85,53
2023-06-10,Kano,Bike,487,3.24,1324.41,0.79,102
2023-06-17,Kano,Van,269,2.64,1306.2,0.81,56
2023-06-22,Kano,Truck,895,2.99,1291.64,0.79,188
2023-06-21,Enugu,Bike,319,3.15,1257.77,0.87,40
2023-06-20,Enugu,Van,244,2.84,1355.12,0.86,30
2023-06-11,Enugu,Truck,403,3.06,1331.22,0.88,50
2023-06-03,Ibadan,Bike,287,2.94,1377.9,0.9,32
2023-06-27,Ibadan,Van,232,3.05,1374.98,0.88,26
2023-06-25,Ibadan,Truck,110,3.43,1361.97,0.9,12
2023-06-08,Kaduna,Bike,828,3.7,1316.58,0.86,118
2023-06-22,Kaduna,Van,192,3.63,1361.02,0.87,27
2023-06-10,Kaduna,Truck,125,3.36,1383.2,0.87,17
2023-06-08,Benin City,Bike,504,3.12,1260.26,0.9,53
2023-06-26,Benin City,Van,299,3.15,1242.96,0.89,31
2023-06-07,Benin City,Truck,360,3.09,1300.79,0.91,38
2023-07-05,Lagos,Bike,30,3.82,1327.99,0.93,2
2023-07-01,Lagos,Van,482,3.48,1254.81,0.92,33
2023-07-02,Lagos,Truck,273,4.15,1216.86,0.92,18
2023-07-08,Abuja,Bike,544,3.38,1322.35,0.83,90
2023-07-16,Abuja,Van,306,3.69,1243.18,0.83,50
2023-07-20,Abuja,Truck,66,3.33,1305.72,0.84,11
2023-07-28,Port Harcourt,Bike,255,2.87,1336.97,0.91,21
2023-07-25,Port Harcourt,Van,326,2.0,1409.68,0.93,27
2023-07-03,Port Harcourt,Truck,95,2.52,1296.98,0.93,8
2023-07-15,Kano,Bike,101,3.35,1370.31,0.81,18
2023-07-14,Kano,Van,8,2.6,1396.7,0.81,1
2023-07-21,Kano,Truck,87,3.42,1351.77,0.82,16
2023-07-19,Enugu,Bike,182,3.43,1506.53,0.84,28
2023-07-07,Enugu,Van,301,2.96,1571.79,0.84,46
2023-07-23,Enugu,Truck,177,3.39,1420.28,0.85,27
2023-07-23,Ibadan,Bike,547,2.8,1155.69,0.91,47
2023-07-13,Ibadan,Van,478,2.95,1151.63,0.9,41
2023-07-16,Ibadan,Truck,274,3.04,1234.74,0.91,24
2023-07-13,Kaduna,Bike,187,2.83,1261.65,0.87,22
2023-07-08,Kaduna,Van,92,3.05,1261.62,0.89,11
2023-07-05,Kaduna,Truck,49,3.67,1291.78,0.87,5
2023-07-21,Benin City,Bike,477,4.19,1475.97,0.89,51
2023-07-23,Benin City,Van,570,4.5,1478.2,0.87,61
2023-07-01,Benin City,Truck,395,4.81,1400.4,0.89,42
2023-08-25,Lagos,Bike,716,2.68,1412.29,0.88,71
2023-08-28,Lagos,Van,310,3.18,1451.31,0.9,30
2023-08-25,Lagos,Truck,160,3.65,1496.58,0.9,15
2023-08-04,Abuja,Bike,42,3.11,1120.64,0.87,5
2023-08-25,Abuja,Van,128,2.84,1233.74,0.86,18
2023-08-14,Abuja,Truck,251,3.29,1138.64,0.86,35
2023-08-08,Port Harcourt,Bike,481,3.05,1289.9,0.9,51
2023-08-06,Port Harcourt,Van,546,3.65,1240.93,0.9,58
2023-08-26,Port Harcourt,Truck,254,3.27,1309.63,0.89,27
2023-08-23,Kano,Bike,22,3.17,1338.47,0.91,2
2023-08-17,Kano,Van,19,3.27,1429.52,0.91,1
2023-08-15,Kano,Truck,298,3.08,1253.31,0.92,27
2023-08-02,Enugu,Bike,67,3.74,1224.8,0.86,10
2023-08-18,Enugu,Van,273,3.05,1295.46,0.83,41
2023-08-08,Enugu,Truck,200,2.86,1310.41,0.85,30
2023-08-28,Ibadan,Bike,227,3.15,1468.27,0.87,30
2023-08-04,Ibadan,Van,124,3.54,1471.02,0.87,16
2023-08-15,Ibadan,Truck,218,3.45,1423.1,0.87,28
2023-08-05,Kaduna,Bike,4,3.66,1222.62,0.89,0
2023-08-26,Kaduna,Van,415,3.22,1219.06,0.88,51
2023-08-15,Kaduna,Truck,77,3.42,1258.16,0.88,9
2023-08-22,Benin City,Bike,284,4.02,1357.61,0.81,51
2023-08-17,Benin City,Van,271,3.62,1283.71,0.83,49
2023-08-18,Benin City,Truck,611,3.95,1377.01,0.83,110
2023-09-20,Lagos,Bike,118,3.5,1327.01,0.84,18
2023-09-11,Lagos,Van,86,3.53,1323.07,0.85,13
2023-09-25,Lagos,Truck,214,3.5,1373.88,0.85,32
2023-09-15,Abuja,Bike,429,2.89,1354.71,0.94,23
2023-09-20,Abuja,Van,57,2.62,1397.28,0.93,3
2023-09-27,Abuja,Truck,100,1.86,1406.81,0.95,5
2023-09-24,Port Harcourt,Bike,329,3.11,1284.37,0.87,44
2023-09-17,Port Harcourt,Van,580,2.8,1450.48,0.87,77
2023-09-14,Port Harcourt,Truck,550,3.13,1304.08,0.87,73
2023-09-27,Kano,Bike,35,2.97,1271.23,0.8,7
2023-09-18,Kano,Van,52,2.55,1240.18,0.78,11
2023-09-15,Kano,Truck,729,2.97,1233.12,0.78,159
2023-09-06,Enugu,Bike,424,3.45,1267.82,0.85,58
2023-09-24,Enugu,Van,128,3.45,1305.99,0.86,17
2023-09-28,Enugu,Truck,695,3.37,1240.3,0.86,95
2023-09-16,Ibadan,Bike,3,3.03,1219.32,0.85,0
2023-09-15,Ibadan,Van,750,2.96,1324.37,0.85,106
2023-09-09,Ibadan,Truck,108,2.94,1283.76,0.84,15
2023-09-25,Kaduna,Bike,170,3.44,1397.81,0.88,17
2023-09-08,Kaduna,Van,299,2.69,1390.87,0.9,31
2023-09-27,Kaduna,Truck,498,3.81,1409.5,0.89,52
2023-09-21,Benin City,Bike,607,3.95,1507.66,0.88,85
2023-09-09,Benin City,Van,493,3.62,1548.39,0.86,69
2023-09-25,Benin City,Truck,363,4.12,1423.14,0.85,51
2023-10-25,Lagos,Bike,119,3.39,1402.87,0.86,17
2023-10-17,Lagos,Van,420,3.42,1334.69,0.87,62
2023-10-16,Lagos,Truck,341,3.14,1261.32,0.86,50
2023-10-21,Abuja,Bike,32,3.19,1228.22,0.88,3
2023-10-08,Abuja,Van,276,3.73,1161.12,0.9,31
2023-10-09,Abuja,Truck,224,3.29,1214.93,0.89,25
2023-10-15,Port Harcourt,Bike,210,3.59,1142.69,0.86,28
2023-10-03,Port Harcourt,Van,69,3.75,1162.44,0.88,9
2023-10-23,Port Harcourt,Truck,99,3.61,1220.42,0.87,13
2023-10-10,Kano,Bike,92,3.75,1147.36,0.8,18
2023-10-08,Kano,Van,88,4.25,1184.96,0.81,17
2023-10-09,Kano,Truck,30,4.17,1174.26,0.82,6
2023-10-11,Enugu,Bike,430,2.51,1363.79,0.9,47
2023-10-11,Enugu,Van,67,3.14,1180.49,0.86,7
2023-10-18,Enugu,Truck,20,2.39,1131.59,0.89,2
2023-10-03,Ibadan,Bike,33,3.18,1257.27,0.89,3
2023-10-05,Ibadan,Van,30,3.25,1371.0,0.87,3
2023-10-05,Ibadan,Truck,536,3.51,1233.83,0.89,61
2023-10-08,Kaduna,Bike,132,4.16,1249.15,0.86,16
2023-10-13,Kaduna,Van,386,3.76,1200.42,0.88,48
2023-10-23,Kaduna,Truck,212,4.04,1260.97,0.89,26
2023-10-05,Benin City,Bike,154,4.09,1309.89,0.86,22
2023-10-23,Benin City,Van,1006,3.19,1363.43,0.85,144
2023-10-07,Benin City,Truck,200,3.21,1334.57,0.85,28
2023-11-03,Lagos,Bike,133,3.15,1282.44,0.84,22
2023-11-14,Lagos,Van,250,3.46,1368.43,0.83,43
2023-11-14,Lagos,Truck,99,4.01,1218.42,0.84,17
2023-11-11,Abuja,Bike,198,2.94,1344.87,0.89,20
2023-11-18,Abuja,Van,463,3.19,1330.16,0.91,47
2023-11-15,Abuja,Truck,197,3.74,1325.71,0.88,20
2023-11-14,Port Harcourt,Bike,344,2.52,1402.11,0.91,29
2023-11-02,Port Harcourt,Van,67,3.02,1392.79,0.91,5
2023-11-07,Port Harcourt,Truck,541,3.15,1406.89,0.91,47
2023-11-27,Kano,Bike,68,3.65,1312.03,0.86,8
2023-11-14,Kano,Van,97,3.31,1259.14,0.87,11
2023-11-13,Kano,Truck,240,3.98,1274.94,0.86,29
2023-11-25,Enugu,Bike,97,2.14,1299.61,0.85,15
2023-11-19,Enugu,Van,2,2.3,1345.9,0.84,0
2023-11-23,Enugu,Truck,58,2.08,1198.42,0.85,9
2023-11-01,Ibadan,Bike,1287,2.56,1304.52,0.86,167
2023-11-28,Ibadan,Van,939,2.63,1202.85,0.85,122
2023-11-25,Ibadan,Truck,754,2.28,1210.67,0.87,98
2023-11-19,Kaduna,Bike,504,3.51,1256.28,0.85,84
2023-11-13,Kaduna,Van,144,3.26,1220.75,0.84,24
2023-11-16,Kaduna,Truck,579,3.29,1335.34,0.83,96
2023-11-01,Benin City,Bike,409,2.09,1270.83,0.89,45
2023-11-12,Benin City,Van,1172,2.46,1374.39,0.9,129
2023-11-10,Benin City,Truck,613,2.25,1337.46,0.9,67
2023-12-25,Lagos,Bike,160,3.49,1056.52,0.87,21
2023-12-13,Lagos,Van,96,3.68,1098.05,0.85,13
2023-12-28,Lagos,Truck,210,3.05,1190.13,0.85,28
2023-12-27,Abuja,Bike,316,3.29,1416.62,0.89,35
2023-12-14,Abuja,Van,91,3.15,1372.37,0.88,10
2023-12-18,Abuja,Truck,874,3.39,1388.58,0.88,99
2023-12-24,Port Harcourt,Bike,211,3.42,1306.53,0.91,20
2023-12-24,Port Harcourt,Van,181,2.8,1319.57,0.9,17
2023-12-18,Port Harcourt,Truck,228,3.42,1381.43,0.9,21
2023-12-26,Kano,Bike,649,3.73,1486.27,0.84,98
2023-12-20,Kano,Van,686,3.49,1381.41,0.85,103
2023-12-08,Kano,Truck,227,3.51,1366.04,0.85,34
2023-12-16,Enugu,Bike,544,3.58,1279.77,0.9,57
2023-12-08,Enugu,Van,62,3.74,1318.15,0.9,6
2023-12-09,Enugu,Truck,808,3.12,1337.52,0.9,85
2023-12-14,Ibadan,Bike,724,2.8,1341.63,0.86,107
2023-12-16,Ibadan,Van,342,3.26,1306.68,0.84,51
2023-12-01,Ibadan,Truck,344,2.8,1343.56,0.85,51
2023-12-13,Kaduna,Bike,28,2.53,1357.58,0.84,4
2023-12-11,Kaduna,Van,539,2.87,1381.93,0.88,76
2023-12-22,Kaduna,Truck,67,3.01,1274.8,0.86,9
2023-12-22,Benin City,Bike,185,3.46,1230.92,0.84,27
2023-12-26,Benin City,Van,596,3.95,1255.95,0.86,87
2023-12-13,Benin City,Truck,156,3.88,1126.49,0.87,23
2024-01-24,Lagos,Bike,164,4.35,1494.64,0.85,22
2024-01-06,Lagos,Van,627,3.29,1497.57,0.85,84
2024-01-27,Lagos,Truck,230,3.98,1454.1,0.86,30
2024-01-15,Abuja,Bike,70,2.86,1451.81,0.85,9
2024-01-05,Abuja,Van,77,2.43,1369.9,0.87,10
2024-01-20,Abuja,Truck,338,2.5,1458.9,0.86,47
2024-01-18,Port Harcourt,Bike,917,3.19,1468.66,0.89,97
2024-01-01,Port Harcourt,Van,404,3.15,1472.37,0.89,42
2024-01-13,Port Harcourt,Truck,86,3.32,1491.19,0.88,9
2024-01-19,Kano,Bike,219,3.58,1494.48,0.9,23
2024-01-19,Kano,Van,186,3.18,1557.93,0.89,20
2024-01-22,Kano,Truck,212,2.89,1567.66,0.88,23
2024-01-01,Enugu,Bike,471,3.55,1251.9,0.9,49
2024-01-03,Enugu,Van,33,4.2,1306.69,0.9,3
2024-01-21,Enugu,Truck,207,3.83,1324.19,0.9,21
2024-01-14,Ibadan,Bike,288,2.7,1458.76,0.85,39
2024-01-05,Ibadan,Van,39,3.59,1422.22,0.84,5
2024-01-28,Ibadan,Truck,84,3.19,1350.89,0.86,11
2024-01-15,Kaduna,Bike,86,5.13,1348.25,0.89,9
2024-01-06,Kaduna,Van,375,4.58,1378.72,0.89,42
2024-01-02,Kaduna,Truck,315,5.11,1300.8,0.9,36
2024-01-09,Benin City,Bike,595,3.39,1238.43,0.92,53
2024-01-13,Benin City,Van,370,3.07,1251.04,0.9,33
2024-01-11,Benin City,Truck,21,3.51,1268.08,0.9,1
2024-02-07,Lagos,Bike,342,2.69,1257.88,0.84,48
2024-02-15,Lagos,Van,572,2.43,1255.84,0.86,81
2024-02-11,Lagos,Truck,387,3.0,1223.83,0.86,55
2024-02-11,Abuja,Bike,641,3.55,1397.44,0.89,52
2024-02-25,Abuja,Van,722,3.57,1348.38,0.92,58
2024-02-13,Abuja,Truck,243,3.57,1344.5,0.92,19
2024-02-09,Port Harcourt,Bike,652,3.91,1390.19,0.86,91
2024-02-25,Port Harcourt,Van,426,3.96,1429.1,0.85,59
2024-02-27,Port Harcourt,Truck,512,3.34,1377.16,0.86,71
2024-02-14,Kano,Bike,165,2.47,1482.8,0.86,24
2024-02-09,Kano,Van,11,2.68,1467.91,0.87,1
2024-02-27,Kano,Truck,162,2.81,1464.01,0.84,23
2024-02-03,Enugu,Bike,239,3.44,1184.26,0.9,24
2024-02-16,Enugu,Van,103,3.14,1182.05,0.9,10
2024-02-01,Enugu,Truck,166,3.47,1142.45,0.89,16
2024-02-24,Ibadan,Bike,12,3.47,1147.44,0.89,1
2024-02-18,Ibadan,Van,547,3.24,1118.72,0.89,60
2024-02-02,Ibadan,Truck,182,3.15,1147.66,0.88,20
2024-02-12,Kaduna,Bike,152,2.07,1537.18,0.88,19
2024-02-08,Kaduna,Van,569,2.39,1441.38,0.87,71
2024-02-21,Kaduna,Truck,344,2.26,1386.95,0.87,42
2024-02-03,Benin City,Bike,273,2.84,1425.94,0.91,22
2024-02-25,Benin City,Van,247,2.85,1320.77,0.91,20
2024-02-21,Benin City,Truck,80,2.86,1411.33,0.91,6
2024-03-02,Lagos,Bike,10,3.64,1334.14,0.86,1
2024-03-25,Lagos,Van,69,3.52,1239.27,0.88,9
2024-03-01,Lagos,Truck,370,3.71,1330.36,0.88,49
2024-03-08,Abuja,Bike,126,3.27,1443.14,0.92,10
2024-03-07,Abuja,Van,141,3.15,1375.98,0.93,11
2024-03-27,Abuja,Truck,145,3.46,1391.32,0.92,11
2024-03-01,Port Harcourt,Bike,70,2.82,1481.3,0.82,14
2024-03-20,Port Harcourt,Van,54,2.61,1426.07,0.8,11
2024-03-05,Port Harcourt,Truck,245,2.61,1467.45,0.79,50
2024-03-08,Kano,Bike,23,3.08,1356.74,0.86,3
2024-03-05,Kano,Van,69,3.16,1393.13,0.87,9
2024-03-16,Kano,Truck,329,2.86,1427.13,0.87,45
2024-03-22,Enugu,Bike,605,3.03,1371.44,0.89,68
2024-03-04,Enugu,Van,13,3.64,1463.12,0.88,1
2024-03-19,Enugu,Truck,398,3.46,1451.08,0.89,45
2024-03-07,Ibadan,Bike,710,2.59,1344.62,0.9,67
2024-03-15,Ibadan,Van,891,3.4,1375.64,0.89,84
2024-03-23,Ibadan,Truck,146,2.83,1319.45,0.9,13
2024-03-09,Kaduna,Bike,197,4.35,1456.64,0.9,19
2024-03-25,Kaduna,Van,424,3.79,1388.31,0.87,42
2024-03-12,Kaduna,Truck,160,4.21,1455.56,0.89,16
2024-03-06,Benin City,Bike,7,2.58,1392.41,0.85,1
2024-03-20,Benin City,Van,132,2.13,1483.6,0.86,18
2024-03-20,Benin City,Truck,423,2.93,1480.44,0.87,60
2024-04-24,Lagos,Bike,37,2.7,1593.49,0.84,5
2024-04-23,Lagos,Van,443,2.65,1553.01,0.84,66
2024-04-04,Lagos,Truck,305,2.93,1471.53,0.84,45
2024-04-25,Abuja,Bike,711,3.23,1354.1,0.92,65
2024-04-27,Abuja,Van,1112,2.9,1351.2,0.9,102
2024-04-06,Abuja,Truck,413,2.96,1436.4,0.91,38
2024-04-10,Port Harcourt,Bike,452,4.35,1554.0,0.9,41
2024-04-04,Port Harcourt,Van,18,3.79,1448.75,0.93,1
2024-04-19,Port Harcourt,Truck,456,4.15,1411.46,0.93,41
2024-04-01,Kano,Bike,609,3.88,1354.99,0.85,96
2024-04-10,Kano,Van,372,3.9,1364.28,0.85,58
2024-04-19,Kano,Truck,190,3.68,1344.17,0.84,29
2024-04-22,Enugu,Bike,178,2.54,1385.76,0.84,24
2024-04-13,Enugu,Van,105,2.31,1477.24,0.86,14
2024-04-13,Enugu,Truck,241,3.15,1393.14,0.87,32
2024-04-23,Ibadan,Bike,358,2.77,1298.16,0.8,71
2024-04-07,Ibadan,Van,195,2.73,1347.36,0.82,38
2024-04-03,Ibadan,Truck,379,3.72,1214.05,0.8,75
2024-04-19,Kaduna,Bike,538,4.01,1294.81,0.83,91
2024-04-23,Kaduna,Van,34,4.18,1406.43,0.82,5
2024-04-27,Kaduna,Truck,286,4.15,1400.25,0.84,48
2024-04-21,Benin City,Bike,228,3.2,1421.73,0.8,47
2024-04-08,Benin City,Van,20,2.05,1391.1,0.79,4
2024-04-04,Benin City,Truck,617,2.25,1329.04,0.81,127
2024-05-23,Lagos,Bike,464,3.18,1408.19,0.9,44
2024-05-25,Lagos,Van,160,3.7,1307.5,0.9,15
2024-05-10,Lagos,Truck,143,3.87,1398.79,0.91,13
2024-05-28,Abuja,Bike,55,3.4,1570.67,0.88,7
2024-05-22,Abuja,Van,277,3.31,1490.94,0.86,39
2024-05-20,Abuja,Truck,92,3.39,1496.66,0.87,13
2024-05-26,Port Harcourt,Bike,269,2.74,1361.97,0.89,32
2024-05-04,Port Harcourt,Van,659,2.88,1346.62,0.88,79
2024-05-26,Port Harcourt,Truck,851,2.65,1366.18,0.87,103
2024-05-19,Kano,Bike,709,3.97,1449.53,0.88,98
2024-05-26,Kano,Van,59,3.25,1485.64,0.87,8
2024-05-02,Kano,Truck,240,3.2,1532.14,0.84,33
2024-05-12,Enugu,Bike,53,3.53,1316.02,0.86,5
2024-05-18,Enugu,Van,314,2.51,1345.37,0.88,34
2024-05-14,Enugu,Truck,81,4.07,1321.14,0.9,8
2024-05-22,Ibadan,Bike,231,2.51,1554.86,0.87,25
2024-05-12,Ibadan,Van,250,2.21,1624.87,0.9,28
2024-05-03,Ibadan,Truck,507,1.95,1654.54,0.9,56
2024-05-17,Kaduna,Bike,255,3.8,1342.08,0.88,31
2024-05-21,Kaduna,Van,480,3.69,1399.79,0.87,59
2024-05-11,Kaduna,Truck,623,3.59,1305.46,0.86,77
2024-05-01,Benin City,Bike,242,3.36,1508.81,0.92,20
2024-05-28,Benin City,Van,11,3.01,1471.24,0.9,0
2024-05-14,Benin City,Truck,179,3.4,1525.76,0.92,15
2024-06-27,Lagos,Bike,1151,2.44,1471.87,0.85,183
2024-06-16,Lagos,Van,84,1.98,1492.02,0.83,13
2024-06-04,Lagos,Truck,595,2.3,1434.23,0.83,95
2024-06-14,Abuja,Bike,212,3.9,1436.21,0.93,16
2024-06-12,Abuja,Van,165,4.14,1460.26,0.93,12
2024-06-21,Abuja,Truck,61,3.81,1454.33,0.91,4
2024-06-27,Port Harcourt,Bike,20,3.64,1263.3,0.83,3
2024-06-15,Port Harcourt,Van,366,4.34,1271.39,0.81,65
2024-06-23,Port Harcourt,Truck,82,4.04,1276.12,0.82,14
2024-06-05,Kano,Bike,298,2.88,1377.14,0.88,39
2024-06-14,Kano,Van,560,2.86,1385.21,0.88,73
2024-06-06,Kano,Truck,919,3.02,1255.87,0.87,121
2024-06-24,Enugu,Bike,687,3.55,1241.26,0.9,73
2024-06-17,Enugu,Van,819,3.48,1312.4,0.9,87
2024-06-21,Enugu,Truck,711,3.43,1274.11,0.89,75
2024-06-09,Ibadan,Bike,412,3.94,1368.09,0.85,56
2024-06-20,Ibadan,Van,226,3.97,1482.36,0.87,30
2024-06-26,Ibadan,Truck,222,3.98,1554.08,0.86,30
2024-06-18,Kaduna,Bike,81,4.17,1522.62,0.95,3
2024-06-25,Kaduna,Van,233,4.22,1427.74,0.96,10
2024-06-16,Kaduna,Truck,708,4.45,1401.23,0.95,31
2024-06-15,Benin City,Bike,216,3.55,1422.65,0.83,33
2024-06-14,Benin City,Van,479,3.41,1367.6,0.86,73
2024-06-27,Benin City,Truck,50,3.41,1341.9,0.85,7
2024-07-24,Lagos,Bike,3,3.09,1438.69,0.9,0
2024-07-19,Lagos,Van,11,2.75,1415.71,0.89,1
2024-07-09,Lagos,Truck,104,3.13,1507.78,0.9,9
2024-07-11,Abuja,Bike,300,3.06,1267.53,0.91,28
2024-07-28,Abuja,Van,539,2.96,1304.56,0.91,51
2024-07-08,Abuja,Truck,624,3.18,1226.49,0.89,60
2024-07-27,Port Harcourt,Bike,544,4.5,1250.85,0.87,71
2024-07-03,Port Harcourt,Van,143,4.74,1236.09,0.86,19
2024-07-09,Port Harcourt,Truck,459,4.16,1369.67,0.86,60
2024-07-15,Kano,Bike,293,1.93,1434.06,0.85,39
2024-07-08,Kano,Van,694,1.73,1450.03,0.86,94
2024-07-25,Kano,Truck,404,2.09,1476.88,0.87,54
2024-07-15,Enugu,Bike,625,3.23,1187.25,0.88,84
2024-07-19,Enugu,Van,315,2.77,1127.73,0.86,42
2024-07-20,Enugu,Truck,485,3.68,1174.43,0.84,65
2024-07-22,Ibadan,Bike,244,3.1,1315.11,0.84,39
2024-07-13,Ibadan,Van,779,3.34,1363.71,0.83,126
2024-07-11,Ibadan,Truck,32,2.4,1273.37,0.83,5
2024-07-01,Kaduna,Bike,81,2.96,1329.91,0.92,6
2024-07-16,Kaduna,Van,97,3.43,1309.63,0.92,8
2024-07-28,Kaduna,Truck,421,3.6,1356.47,0.93,35
2024-07-11,Benin City,Bike,168,3.51,1456.14,0.88,21
2024-07-06,Benin City,Van,1046,3.73,1461.3,0.87,136
2024-07-16,Benin City,Truck,227,4.03,1395.68,0.86,29
2024-08-07,Lagos,Bike,592,3.62,1143.25,0.89,62
2024-08-12,Lagos,Van,873,3.55,1066.43,0.89,92
2024-08-26,Lagos,Truck,96,3.11,1094.77,0.9,10
2024-08-09,Abuja,Bike,433,2.82,1363.43,0.88,54
2024-08-11,Abuja,Van,103,3.49,1404.12,0.87,12
2024-08-09,Abuja,Truck,128,3.06,1315.61,0.88,16
2024-08-20,Port Harcourt,Bike,60,2.79,1364.41,0.9,6
2024-08-23,Port Harcourt,Van,501,2.78,1397.56,0.91,51
2024-08-09,Port Harcourt,Truck,148,2.5,1453.8,0.91,15
2024-08-18,Kano,Bike,576,2.95,1330.95,0.91,60
2024-08-01,Kano,Van,689,2.9,1328.24,0.9,72
2024-08-17,Kano,Truck,1022,3.22,1373.18,0.88,107
2024-08-07,Enugu,Bike,310,2.98,1259.59,0.87,44
2024-08-03,Enugu,Van,896,3.38,1321.38,0.84,127
2024-08-08,Enugu,Truck,172,2.5,1342.18,0.86,24
2024-08-24,Ibadan,Bike,314,3.14,1396.04,0.84,55
2024-08-14,Ibadan,Van,409,3.68,1382.36,0.84,72
2024-08-16,Ibadan,Truck,448,3.13,1387.93,0.81,79
2024-08-18,Kaduna,Bike,242,3.34,1486.82,0.86,37
2024-08-25,Kaduna,Van,435,3.89,1453.1,0.85,66
2024-08-08,Kaduna,Truck,920,3.42,1474.4,0.85,141
2024-08-23,Benin City,Bike,6,3.98,1336.31,0.83,1
2024-08-16,Benin City,Van,41,4.21,1418.86,0.85,6
2024-08-21,Benin City,Truck,465,3.96,1401.23,0.84,76
2024-09-23,Lagos,Bike,519,2.19,1342.35,0.9,45
2024-09-16,Lagos,Van,64,2.31,1335.91,0.9,5
2024-09-15,Lagos,Truck,159,2.67,1345.46,0.9,14
2024-09-26,Abuja,Bike,562,4.25,1401.1,0.84,85
2024-09-01,Abuja,Van,54,3.97,1272.98,0.84,8
2024-09-03,Abuja,Truck,281,4.14,1268.86,0.84,42
2024-09-10,Port Harcourt,Bike,168,2.75,1350.59,0.89,18
2024-09-08,Port Harcourt,Van,469,2.72,1399.19,0.89,52
2024-09-13,Port Harcourt,Truck,73,2.54,1314.54,0.9,8
2024-09-23,Kano,Bike,64,3.08,1463.14,0.87,8
2024-09-08,Kano,Van,127,3.21,1430.73,0.87,17
2024-09-10,Kano,Truck,763,3.2,1301.04,0.85,107
2024-09-22,Enugu,Bike,399,2.74,1193.29,0.89,53
2024-09-19,Enugu,Van,584,3.35,1123.87,0.87,78
2024-09-12,Enugu,Truck,183,3.12,1181.11,0.86,24
2024-09-16,Ibadan,Bike,299,3.48,1250.74,0.88,32
2024-09-18,Ibadan,Van,972,3.36,1374.34,0.89,107
2024-09-17,Ibadan,Truck,144,3.51,1319.07,0.89,15
2024-09-12,Kaduna,Bike,245,2.17,1308.23,0.9,22
2024-09-14,Kaduna,Van,714,2.02,1277.97,0.9,64
2024-09-24,Kaduna,Truck,767,2.39,1218.03,0.91,69
2024-09-18,Benin City,Bike,351,3.39,1380.28,0.88,40
2024-09-11,Benin City,Van,289,3.03,1308.84,0.9,33
2024-09-12,Benin City,Truck,25,2.96,1320.5,0.86,2
2024-10-23,Lagos,Bike,29,2.27,1530.26,0.87,3
2024-10-15,Lagos,Van,202,3.01,1530.7,0.87,25
2024-10-09,Lagos,Truck,96,2.53,1549.98,0.86,12
2024-10-10,Abuja,Bike,806,2.83,1397.23,0.81,144
2024-10-09,Abuja,Van,485,2.53,1463.43,0.84,86
2024-10-08,Abuja,Truck,133,3.08,1454.41,0.83,23
2024-10-04,Port Harcourt,Bike,532,3.53,1377.51,0.84,76
2024-10-24,Port Harcourt,Van,590,3.88,1220.96,0.87,85
2024-10-07,Port Harcourt,Truck,1138,3.41,1342.08,0.85,164
2024-10-11,Kano,Bike,19,3.11,1476.62,0.89,2
2024-10-04,Kano,Van,400,3.16,1462.86,0.89,47
2024-10-24,Kano,Truck,42,3.33,1471.02,0.88,5
2024-10-18,Enugu,Bike,789,2.58,1274.16,0.89,91
2024-10-25,Enugu,Van,186,2.5,1335.23,0.89,21
2024-10-23,Enugu,Truck,391,3.55,1253.3,0.9,45
2024-10-06,Ibadan,Bike,107,2.8,1217.18,0.85,15
2024-10-07,Ibadan,Van,288,2.66,1216.91,0.85,40
2024-10-07,Ibadan,Truck,239,3.02,1268.57,0.87,34
2024-10-24,Kaduna,Bike,678,2.45,1346.87,0.93,50
2024-10-16,Kaduna,Van,571,2.83,1321.66,0.93,42
2024-10-09,Kaduna,Truck,64,2.51,1360.62,0.92,4
2024-10-24,Benin City,Bike,245,4.06,1347.95,0.91,25
2024-10-19,Benin City,Van,88,4.47,1300.65,0.9,9
2024-10-25,Benin City,Truck,57,4.47,1298.05,0.89,5
2024-11-17,Lagos,Bike,117,2.91,1433.41,0.91,10
2024-11-20,Lagos,Van,215,3.41,1496.78,0.92,19
2024-11-10,Lagos,Truck,21,3.11,1366.97,0.91,1
2024-11-04,Abuja,Bike,115,3.68,1444.24,0.87,15
2024-11-27,Abuja,Van,9,3.51,1368.74,0.86,1
2024-11-07,Abuja,Truck,407,3.82,1412.5,0.87,53
2024-11-10,Port Harcourt,Bike,325,4.32,1518.78,0.91,31
2024-11-08,Port Harcourt,Van,238,3.91,1545.06,0.88,22
2024-11-12,Port Harcourt,Truck,555,3.17,1521.24,0.89,53
2024-11-06,Kano,Bike,93,3.37,1467.74,0.89,10
2024-11-10,Kano,Van,204,2.36,1390.88,0.89,23
2024-11-01,Kano,Truck,76,3.46,1349.06,0.9,8
2024-11-23,Enugu,Bike,476,3.33,1449.28,0.86,60
2024-11-18,Enugu,Van,210,3.73,1423.35,0.88,26
2024-11-05,Enugu,Truck,402,3.16,1425.34,0.88,51
2024-11-09,Ibadan,Bike,113,3.53,1310.45,0.89,12
2024-11-02,Ibadan,Van,494,3.95,1227.1,0.89,54
2024-11-02,Ibadan,Truck,497,3.84,1310.41,0.88,54
2024-11-18,Kaduna,Bike,128,2.99,1438.41,0.88,15
2024-11-10,Kaduna,Van,129,3.07,1530.85,0.88,15
2024-11-23,Kaduna,Truck,297,2.92,1473.9,0.88,36
2024-11-05,Benin City,Bike,400,3.2,1343.71,0.87,53
2024-11-21,Benin City,Van,215,3.94,1310.66,0.86,28
2024-11-28,Benin City,Truck,221,3.34,1414.84,0.87,29
2024-12-25,Lagos,Bike,242,3.85,1509.4,0.81,42
2024-12-16,Lagos,Van,111,4.22,1523.96,0.84,19
2024-12-04,Lagos,Truck,255,3.83,1440.54,0.84,44
2024-12-28,Abuja,Bike,681,2.86,1331.14,0.86,84
2024-12-01,Abuja,Van,43,3.15,1304.29,0.87,5
2024-12-19,Abuja,Truck,55,2.94,1364.07,0.88,6
2024-12-10,Port Harcourt,Bike,151,3.19,1450.91,0.88,18
2024-12-16,Port Harcourt,Van,73,3.51,1500.83,0.89,8
2024-12-16,Port Harcourt,Truck,187,3.68,1471.56,0.89,22
2024-12-15,Kano,Bike,553,2.99,1511.4,0.82,96
2024-12-11,Kano,Van,181,3.01,1478.74,0.83,31
2024-12-06,Kano,Truck,359,3.09,1446.38,0.82,62
2024-12-02,Enugu,Bike,168,2.63,1474.58,0.89,16
2024-12-09,Enugu,Van,561,2.67,1396.61,0.89,55
2024-12-28,Enugu,Truck,147,3.16,1412.91,0.9,14
2024-12-16,Ibadan,Bike,524,3.19,1412.17,0.88,62
2024-12-04,Ibadan,Van,460,2.86,1411.82,0.88,54
2024-12-27,Ibadan,Truck,139,3.08,1380.34,0.89,16
2024-12-03,Kaduna,Bike,1109,2.5,1322.98,0.88,133
2024-12-13,Kaduna,Van,264,1.95,1336.68,0.87,31
2024-12-16,Kaduna,Truck,345,2.62,1372.01,0.87,41
2024-12-03,Benin City,Bike,0,3.2,1422.04,0.84,0
2024-12-19,Benin City,Van,146,3.09,1386.81,0.85,20
2024-12-21,Benin City,Truck,563,4.28,1440.85,0.85,80
